{"entities":{"pages":{"Introduction":{"id":"Introduction","title":"Introduction To Angular","url":"introduction.html","level":0,"tabIndex":0},"Component_And_DataBinding":{"id":"Component_And_DataBinding","title":"Components And Data Binding","url":"component-and-databinding.html","level":0,"tabIndex":1},"Directives":{"id":"Directives","title":"Directives","url":"directives.html","level":0,"tabIndex":2},"Component_Communication":{"id":"Component_Communication","title":"Components Communication","url":"component-communication.html","level":0,"tabIndex":3}}},"topLevelIds":["Introduction","Component_And_DataBinding","Directives","Component_Communication"]}