{"entities":{"pages":{"Introduction":{"id":"Introduction","title":"Introduction To Angular","url":"introduction.html","level":0,"tabIndex":0},"Component_And_DataBinding":{"id":"Component_And_DataBinding","title":"Components And Data Binding","url":"component-and-databinding.html","level":0,"tabIndex":1},"Directives":{"id":"Directives","title":"Directives","url":"directives.html","level":0,"tabIndex":2},"Component_Communication":{"id":"Component_Communication","title":"Components Communication","url":"component-communication.html","level":0,"tabIndex":3},"Pipes":{"id":"Pipes","title":"Pipes","url":"pipes.html","level":0,"tabIndex":4},"Component-Lifecycle":{"id":"Component-Lifecycle","title":"Component Lifecycle","url":"component-lifecycle.html","level":0,"tabIndex":5},"Services-and-introduction-to-Dependency-Injection":{"id":"Services-and-introduction-to-Dependency-Injection","title":"Services and introduction to Dependency Injection","url":"services-and-introduction-to-dependency-injection.html","level":0,"tabIndex":6},"Forms":{"id":"Forms","title":"Forms","url":"forms.html","level":0,"tabIndex":7},"Routing":{"id":"Routing","title":"Routing","url":"routing.html","level":0,"tabIndex":8},"Modules":{"id":"Modules","title":"Modules","url":"modules.html","level":0,"tabIndex":9},"Animations":{"id":"Animations","title":"Animations","url":"animations.html","level":0,"tabIndex":10},"Dynamic-Components":{"id":"Dynamic-Components","title":"Dynamic Components","url":"dynamic-components.html","level":0,"tabIndex":11},"Observables":{"id":"Observables","title":"Observables","url":"observables.html","level":0,"tabIndex":12}}},"topLevelIds":["Introduction","Component_And_DataBinding","Directives","Component_Communication","Pipes","Component-Lifecycle","Services-and-introduction-to-Dependency-Injection","Forms","Routing","Modules","Animations","Dynamic-Components","Observables"]}